Employee,Username,Password,,,,,,,
10001,user1,password,,,,,,,
10002,user2,password,,,,,,,
10003,user3,password,,,,,,,
10004,user4,password,,,,,,,
10005,user5,password,,,,,,,
10006,user6,password,,,,,,,
10007,user7,password,,,,,,,
10008,user8,password,,,,,,,
10009,user9,password,,,,,,,
10010,user10,password,,,,,,,
10011,user11,password,,,,,,,
10012,user12,password,,,,,,,
10013,user13,password,,,,,,,
10014,user14,password,,,,,,,
10015,user15,password,,,,,,,
10016,user16,password,,,,,,,
10017,user17,password,,,,,,,
10018,user18,password,,,,,,,
10019,user19,password,,,,,,,
10020,user20,password,,,,,,,
10021,user21,password,,,,,,,
10022,user22,password,,,,,,,
10023,user23,password,,,,,,,
10024,user24,password,,,,,,,
10025,user25,password,,,,,,,
10026,user26,password,,,,,,,
10027,user27,password,,,,,,,
10028,user28,password,,,,,,,
10029,user29,password,,,,,,,
10030,user30,password,,,,,,,
10031,user31,password,,,,,,,
10032,user32,password,,,,,,,
10033,user33,password,,,,,,,
10034,user34,password,,,,,,,
